<?xml version="1.0" encoding="UTF-8"?>
<section
    xmlns="http://namespaces.plone.org/diazo"
    xmlns:css="http://namespaces.plone.org/diazo/css"
    xmlns:xsl="http://www.w3.org/1999/XSL/Transform"
    xmlns:xi="http://www.w3.org/2001/XInclude"
    >

    <xsl:if test="dl[contains(@class,'portlet')]">
        <div><xsl:attribute name="class">
                <xsl:value-of select="dl/@class"/>
            </xsl:attribute>
            <h4><xsl:copy-of select="dl/dt/node()"/></h4>
            <div>
                <xsl:for-each css:select="dd.portletItem">
                    <!-- acrescenta o div.portletcalendar-->
                    <div><xsl:attribute name="class">
                        <xsl:value-of select="@class"/>
                        </xsl:attribute>
                        
                        
                        <xsl:if test="not(node()[contains(@class,'ploneCalendar')])">
                          <xsl:copy-of select="node()"/>                    
                        </xsl:if>
                        
                        <!-- copia os dias do calendario-->
                        <xsl:if test="node()[contains(@class,'ploneCalendar')]">
                        
                        <table class="ploneCalendar">
                          <xsl:copy-of select="node()/thead"/>                          
                          <tbody>
                          
                          <xsl:for-each select="node()/tbody/tr">
                            <tr>            
                                 
                                 <xsl:if test="not(node()/td[contains(@class,'cal_has_events')])">                                                            
                                 <!--dia sem evento-->
                                   <xsl:for-each css:select="td.event">
                                    <xsl:if test="not(current()[contains(@class,'cal_has_events')])">
                                     <td class="event">                                       
                                        <xsl:copy-of select="text()"/>                                        
                                     </td>
                                    </xsl:if>
                                    </xsl:for-each>
                                 </xsl:if> 
                                 
                                
                                 <xsl:if test="node()[contains(@class,'cal_has_events')]">
                                 <!--dia com evento-->
                                    <xsl:for-each css:select="td.cal_has_events">
                                     <td class="event cal_has_events">
                                        <a><xsl:attribute name="href"><xsl:value-of select="node()/@href"/>
                                            </xsl:attribute><xsl:attribute name="title">Evento Agendado
                                            </xsl:attribute>
                                            <xsl:copy-of select="node()/text()"/>
                                        </a>   
                                      </td>
                                    </xsl:for-each>
                                 </xsl:if> 
                                
                                 
                            </tr>
                          </xsl:for-each>
                          
                          </tbody>
                        </table>
                        </xsl:if>
                        
                        
                        
                       
                        
                    </div>
                </xsl:for-each>
                
            </div>
            <div class="portlet-footer">
                <xsl:copy-of css:select="dd.portletFooter"/>
            </div>
        </div>
    </xsl:if>
    <xsl:if test="not(dl[contains(@class,'portlet')])">
        <div>
            <xsl:copy-of select="node()"/>
        </div>
    </xsl:if>

</section>
